{
  "codeListTag" : "base__res_partner_tz",
  "codeListType" : "STATIC",
  "codeName" : "base__res_partner_tz",
  "dynaInstMode" : 0,
  "dynaModelFilePath" : "PSSYSAPPS/ehrapp/PSAPPCODELISTS/base__res_partner_tz.json",
  "emptyText" : "未定义",
  "name" : "时区",
  "getPSCodeItems" : [ {
    "codeName" : "africa_abidjan",
    "text" : "Africa/Abidjan",
    "value" : "Africa/Abidjan"
  }, {
    "codeName" : "africa_accra",
    "text" : "Africa/Accra",
    "value" : "Africa/Accra"
  }, {
    "codeName" : "africa_addis_ababa",
    "text" : "Africa/Addis_Ababa",
    "value" : "Africa/Addis_Ababa"
  }, {
    "codeName" : "africa_algiers",
    "text" : "Africa/Algiers",
    "value" : "Africa/Algiers"
  }, {
    "codeName" : "africa_asmara",
    "text" : "Africa/Asmara",
    "value" : "Africa/Asmara"
  }, {
    "codeName" : "africa_asmera",
    "text" : "Africa/Asmera",
    "value" : "Africa/Asmera"
  }, {
    "codeName" : "africa_bamako",
    "text" : "Africa/Bamako",
    "value" : "Africa/Bamako"
  }, {
    "codeName" : "africa_bangui",
    "text" : "Africa/Bangui",
    "value" : "Africa/Bangui"
  }, {
    "codeName" : "africa_banjul",
    "text" : "Africa/Banjul",
    "value" : "Africa/Banjul"
  }, {
    "codeName" : "africa_bissau",
    "text" : "Africa/Bissau",
    "value" : "Africa/Bissau"
  }, {
    "codeName" : "africa_blantyre",
    "text" : "Africa/Blantyre",
    "value" : "Africa/Blantyre"
  }, {
    "codeName" : "africa_brazzaville",
    "text" : "Africa/Brazzaville",
    "value" : "Africa/Brazzaville"
  }, {
    "codeName" : "africa_bujumbura",
    "text" : "Africa/Bujumbura",
    "value" : "Africa/Bujumbura"
  }, {
    "codeName" : "africa_cairo",
    "text" : "Africa/Cairo",
    "value" : "Africa/Cairo"
  }, {
    "codeName" : "africa_casablanca",
    "text" : "Africa/Casablanca",
    "value" : "Africa/Casablanca"
  }, {
    "codeName" : "africa_ceuta",
    "text" : "Africa/Ceuta",
    "value" : "Africa/Ceuta"
  }, {
    "codeName" : "africa_conakry",
    "text" : "Africa/Conakry",
    "value" : "Africa/Conakry"
  }, {
    "codeName" : "africa_dakar",
    "text" : "Africa/Dakar",
    "value" : "Africa/Dakar"
  }, {
    "codeName" : "africa_dar_es_salaam",
    "text" : "Africa/Dar_es_Salaam",
    "value" : "Africa/Dar_es_Salaam"
  }, {
    "codeName" : "africa_djibouti",
    "text" : "Africa/Djibouti",
    "value" : "Africa/Djibouti"
  }, {
    "codeName" : "africa_douala",
    "text" : "Africa/Douala",
    "value" : "Africa/Douala"
  }, {
    "codeName" : "africa_el_aaiun",
    "text" : "Africa/El_Aaiun",
    "value" : "Africa/El_Aaiun"
  }, {
    "codeName" : "africa_freetown",
    "text" : "Africa/Freetown",
    "value" : "Africa/Freetown"
  }, {
    "codeName" : "africa_gaborone",
    "text" : "Africa/Gaborone",
    "value" : "Africa/Gaborone"
  }, {
    "codeName" : "africa_harare",
    "text" : "Africa/Harare",
    "value" : "Africa/Harare"
  }, {
    "codeName" : "africa_johannesburg",
    "text" : "Africa/Johannesburg",
    "value" : "Africa/Johannesburg"
  }, {
    "codeName" : "africa_juba",
    "text" : "Africa/Juba",
    "value" : "Africa/Juba"
  }, {
    "codeName" : "africa_kampala",
    "text" : "Africa/Kampala",
    "value" : "Africa/Kampala"
  }, {
    "codeName" : "africa_khartoum",
    "text" : "Africa/Khartoum",
    "value" : "Africa/Khartoum"
  }, {
    "codeName" : "africa_kigali",
    "text" : "Africa/Kigali",
    "value" : "Africa/Kigali"
  }, {
    "codeName" : "africa_kinshasa",
    "text" : "Africa/Kinshasa",
    "value" : "Africa/Kinshasa"
  }, {
    "codeName" : "africa_lagos",
    "text" : "Africa/Lagos",
    "value" : "Africa/Lagos"
  }, {
    "codeName" : "africa_libreville",
    "text" : "Africa/Libreville",
    "value" : "Africa/Libreville"
  }, {
    "codeName" : "africa_lome",
    "text" : "Africa/Lome",
    "value" : "Africa/Lome"
  }, {
    "codeName" : "africa_luanda",
    "text" : "Africa/Luanda",
    "value" : "Africa/Luanda"
  }, {
    "codeName" : "africa_lubumbashi",
    "text" : "Africa/Lubumbashi",
    "value" : "Africa/Lubumbashi"
  }, {
    "codeName" : "africa_lusaka",
    "text" : "Africa/Lusaka",
    "value" : "Africa/Lusaka"
  }, {
    "codeName" : "africa_malabo",
    "text" : "Africa/Malabo",
    "value" : "Africa/Malabo"
  }, {
    "codeName" : "africa_maputo",
    "text" : "Africa/Maputo",
    "value" : "Africa/Maputo"
  }, {
    "codeName" : "africa_maseru",
    "text" : "Africa/Maseru",
    "value" : "Africa/Maseru"
  }, {
    "codeName" : "africa_mbabane",
    "text" : "Africa/Mbabane",
    "value" : "Africa/Mbabane"
  }, {
    "codeName" : "africa_mogadishu",
    "text" : "Africa/Mogadishu",
    "value" : "Africa/Mogadishu"
  }, {
    "codeName" : "africa_monrovia",
    "text" : "Africa/Monrovia",
    "value" : "Africa/Monrovia"
  }, {
    "codeName" : "africa_nairobi",
    "text" : "Africa/Nairobi",
    "value" : "Africa/Nairobi"
  }, {
    "codeName" : "africa_ndjamena",
    "text" : "Africa/Ndjamena",
    "value" : "Africa/Ndjamena"
  }, {
    "codeName" : "africa_niamey",
    "text" : "Africa/Niamey",
    "value" : "Africa/Niamey"
  }, {
    "codeName" : "africa_nouakchott",
    "text" : "Africa/Nouakchott",
    "value" : "Africa/Nouakchott"
  }, {
    "codeName" : "africa_ouagadougou",
    "text" : "Africa/Ouagadougou",
    "value" : "Africa/Ouagadougou"
  }, {
    "codeName" : "africa_porto_SUB_novo",
    "text" : "Africa/Porto-Novo",
    "value" : "Africa/Porto-Novo"
  }, {
    "codeName" : "africa_sao_tome",
    "text" : "Africa/Sao_Tome",
    "value" : "Africa/Sao_Tome"
  }, {
    "codeName" : "africa_timbuktu",
    "text" : "Africa/Timbuktu",
    "value" : "Africa/Timbuktu"
  }, {
    "codeName" : "africa_tripoli",
    "text" : "Africa/Tripoli",
    "value" : "Africa/Tripoli"
  }, {
    "codeName" : "africa_tunis",
    "text" : "Africa/Tunis",
    "value" : "Africa/Tunis"
  }, {
    "codeName" : "africa_windhoek",
    "text" : "Africa/Windhoek",
    "value" : "Africa/Windhoek"
  }, {
    "codeName" : "america_adak",
    "text" : "America/Adak",
    "value" : "America/Adak"
  }, {
    "codeName" : "america_anchorage",
    "text" : "America/Anchorage",
    "value" : "America/Anchorage"
  }, {
    "codeName" : "america_anguilla",
    "text" : "America/Anguilla",
    "value" : "America/Anguilla"
  }, {
    "codeName" : "america_antigua",
    "text" : "America/Antigua",
    "value" : "America/Antigua"
  }, {
    "codeName" : "america_araguaina",
    "text" : "America/Araguaina",
    "value" : "America/Araguaina"
  }, {
    "codeName" : "america_argentina_buenos_aires",
    "text" : "America/Argentina/Buenos_Aires",
    "value" : "America/Argentina/Buenos_Aires"
  }, {
    "codeName" : "america_argentina_catamarca",
    "text" : "America/Argentina/Catamarca",
    "value" : "America/Argentina/Catamarca"
  }, {
    "codeName" : "america_argentina_comodrivadavia",
    "text" : "America/Argentina/ComodRivadavia",
    "value" : "America/Argentina/ComodRivadavia"
  }, {
    "codeName" : "america_argentina_cordoba",
    "text" : "America/Argentina/Cordoba",
    "value" : "America/Argentina/Cordoba"
  }, {
    "codeName" : "america_argentina_jujuy",
    "text" : "America/Argentina/Jujuy",
    "value" : "America/Argentina/Jujuy"
  }, {
    "codeName" : "america_argentina_la_rioja",
    "text" : "America/Argentina/La_Rioja",
    "value" : "America/Argentina/La_Rioja"
  }, {
    "codeName" : "america_argentina_mendoza",
    "text" : "America/Argentina/Mendoza",
    "value" : "America/Argentina/Mendoza"
  }, {
    "codeName" : "america_argentina_rio_gallegos",
    "text" : "America/Argentina/Rio_Gallegos",
    "value" : "America/Argentina/Rio_Gallegos"
  }, {
    "codeName" : "america_argentina_salta",
    "text" : "America/Argentina/Salta",
    "value" : "America/Argentina/Salta"
  }, {
    "codeName" : "america_argentina_san_juan",
    "text" : "America/Argentina/San_Juan",
    "value" : "America/Argentina/San_Juan"
  }, {
    "codeName" : "america_argentina_san_luis",
    "text" : "America/Argentina/San_Luis",
    "value" : "America/Argentina/San_Luis"
  }, {
    "codeName" : "america_argentina_tucuman",
    "text" : "America/Argentina/Tucuman",
    "value" : "America/Argentina/Tucuman"
  }, {
    "codeName" : "america_argentina_ushuaia",
    "text" : "America/Argentina/Ushuaia",
    "value" : "America/Argentina/Ushuaia"
  }, {
    "codeName" : "america_aruba",
    "text" : "America/Aruba",
    "value" : "America/Aruba"
  }, {
    "codeName" : "america_asuncion",
    "text" : "America/Asuncion",
    "value" : "America/Asuncion"
  }, {
    "codeName" : "america_atikokan",
    "text" : "America/Atikokan",
    "value" : "America/Atikokan"
  }, {
    "codeName" : "america_atka",
    "text" : "America/Atka",
    "value" : "America/Atka"
  }, {
    "codeName" : "america_bahia",
    "text" : "America/Bahia",
    "value" : "America/Bahia"
  }, {
    "codeName" : "america_bahia_banderas",
    "text" : "America/Bahia_Banderas",
    "value" : "America/Bahia_Banderas"
  }, {
    "codeName" : "america_barbados",
    "text" : "America/Barbados",
    "value" : "America/Barbados"
  }, {
    "codeName" : "america_belem",
    "text" : "America/Belem",
    "value" : "America/Belem"
  }, {
    "codeName" : "america_belize",
    "text" : "America/Belize",
    "value" : "America/Belize"
  }, {
    "codeName" : "america_blanc_SUB_sablon",
    "text" : "America/Blanc-Sablon",
    "value" : "America/Blanc-Sablon"
  }, {
    "codeName" : "america_boa_vista",
    "text" : "America/Boa_Vista",
    "value" : "America/Boa_Vista"
  }, {
    "codeName" : "america_bogota",
    "text" : "America/Bogota",
    "value" : "America/Bogota"
  }, {
    "codeName" : "america_boise",
    "text" : "America/Boise",
    "value" : "America/Boise"
  }, {
    "codeName" : "america_buenos_aires",
    "text" : "America/Buenos_Aires",
    "value" : "America/Buenos_Aires"
  }, {
    "codeName" : "america_cambridge_bay",
    "text" : "America/Cambridge_Bay",
    "value" : "America/Cambridge_Bay"
  }, {
    "codeName" : "america_campo_grande",
    "text" : "America/Campo_Grande",
    "value" : "America/Campo_Grande"
  }, {
    "codeName" : "america_cancun",
    "text" : "America/Cancun",
    "value" : "America/Cancun"
  }, {
    "codeName" : "america_caracas",
    "text" : "America/Caracas",
    "value" : "America/Caracas"
  }, {
    "codeName" : "america_catamarca",
    "text" : "America/Catamarca",
    "value" : "America/Catamarca"
  }, {
    "codeName" : "america_cayenne",
    "text" : "America/Cayenne",
    "value" : "America/Cayenne"
  }, {
    "codeName" : "america_cayman",
    "text" : "America/Cayman",
    "value" : "America/Cayman"
  }, {
    "codeName" : "america_chicago",
    "text" : "America/Chicago",
    "value" : "America/Chicago"
  }, {
    "codeName" : "america_chihuahua",
    "text" : "America/Chihuahua",
    "value" : "America/Chihuahua"
  }, {
    "codeName" : "america_ciudad_juarez",
    "text" : "America/Ciudad_Juarez",
    "value" : "America/Ciudad_Juarez"
  }, {
    "codeName" : "america_coral_harbour",
    "text" : "America/Coral_Harbour",
    "value" : "America/Coral_Harbour"
  }, {
    "codeName" : "america_cordoba",
    "text" : "America/Cordoba",
    "value" : "America/Cordoba"
  }, {
    "codeName" : "america_costa_rica",
    "text" : "America/Costa_Rica",
    "value" : "America/Costa_Rica"
  }, {
    "codeName" : "america_creston",
    "text" : "America/Creston",
    "value" : "America/Creston"
  }, {
    "codeName" : "america_cuiaba",
    "text" : "America/Cuiaba",
    "value" : "America/Cuiaba"
  }, {
    "codeName" : "america_curacao",
    "text" : "America/Curacao",
    "value" : "America/Curacao"
  }, {
    "codeName" : "america_danmarkshavn",
    "text" : "America/Danmarkshavn",
    "value" : "America/Danmarkshavn"
  }, {
    "codeName" : "america_dawson",
    "text" : "America/Dawson",
    "value" : "America/Dawson"
  }, {
    "codeName" : "america_dawson_creek",
    "text" : "America/Dawson_Creek",
    "value" : "America/Dawson_Creek"
  }, {
    "codeName" : "america_denver",
    "text" : "America/Denver",
    "value" : "America/Denver"
  }, {
    "codeName" : "america_detroit",
    "text" : "America/Detroit",
    "value" : "America/Detroit"
  }, {
    "codeName" : "america_dominica",
    "text" : "America/Dominica",
    "value" : "America/Dominica"
  }, {
    "codeName" : "america_edmonton",
    "text" : "America/Edmonton",
    "value" : "America/Edmonton"
  }, {
    "codeName" : "america_eirunepe",
    "text" : "America/Eirunepe",
    "value" : "America/Eirunepe"
  }, {
    "codeName" : "america_el_salvador",
    "text" : "America/El_Salvador",
    "value" : "America/El_Salvador"
  }, {
    "codeName" : "america_ensenada",
    "text" : "America/Ensenada",
    "value" : "America/Ensenada"
  }, {
    "codeName" : "america_fort_nelson",
    "text" : "America/Fort_Nelson",
    "value" : "America/Fort_Nelson"
  }, {
    "codeName" : "america_fort_wayne",
    "text" : "America/Fort_Wayne",
    "value" : "America/Fort_Wayne"
  }, {
    "codeName" : "america_fortaleza",
    "text" : "America/Fortaleza",
    "value" : "America/Fortaleza"
  }, {
    "codeName" : "america_glace_bay",
    "text" : "America/Glace_Bay",
    "value" : "America/Glace_Bay"
  }, {
    "codeName" : "america_godthab",
    "text" : "America/Godthab",
    "value" : "America/Godthab"
  }, {
    "codeName" : "america_goose_bay",
    "text" : "America/Goose_Bay",
    "value" : "America/Goose_Bay"
  }, {
    "codeName" : "america_grand_turk",
    "text" : "America/Grand_Turk",
    "value" : "America/Grand_Turk"
  }, {
    "codeName" : "america_grenada",
    "text" : "America/Grenada",
    "value" : "America/Grenada"
  }, {
    "codeName" : "america_guadeloupe",
    "text" : "America/Guadeloupe",
    "value" : "America/Guadeloupe"
  }, {
    "codeName" : "america_guatemala",
    "text" : "America/Guatemala",
    "value" : "America/Guatemala"
  }, {
    "codeName" : "america_guayaquil",
    "text" : "America/Guayaquil",
    "value" : "America/Guayaquil"
  }, {
    "codeName" : "america_guyana",
    "text" : "America/Guyana",
    "value" : "America/Guyana"
  }, {
    "codeName" : "america_halifax",
    "text" : "America/Halifax",
    "value" : "America/Halifax"
  }, {
    "codeName" : "america_havana",
    "text" : "America/Havana",
    "value" : "America/Havana"
  }, {
    "codeName" : "america_hermosillo",
    "text" : "America/Hermosillo",
    "value" : "America/Hermosillo"
  }, {
    "codeName" : "america_indiana_indianapolis",
    "text" : "America/Indiana/Indianapolis",
    "value" : "America/Indiana/Indianapolis"
  }, {
    "codeName" : "america_indiana_knox",
    "text" : "America/Indiana/Knox",
    "value" : "America/Indiana/Knox"
  }, {
    "codeName" : "america_indiana_marengo",
    "text" : "America/Indiana/Marengo",
    "value" : "America/Indiana/Marengo"
  }, {
    "codeName" : "america_indiana_petersburg",
    "text" : "America/Indiana/Petersburg",
    "value" : "America/Indiana/Petersburg"
  }, {
    "codeName" : "america_indiana_tell_city",
    "text" : "America/Indiana/Tell_City",
    "value" : "America/Indiana/Tell_City"
  }, {
    "codeName" : "america_indiana_vevay",
    "text" : "America/Indiana/Vevay",
    "value" : "America/Indiana/Vevay"
  }, {
    "codeName" : "america_indiana_vincennes",
    "text" : "America/Indiana/Vincennes",
    "value" : "America/Indiana/Vincennes"
  }, {
    "codeName" : "america_indiana_winamac",
    "text" : "America/Indiana/Winamac",
    "value" : "America/Indiana/Winamac"
  }, {
    "codeName" : "america_indianapolis",
    "text" : "America/Indianapolis",
    "value" : "America/Indianapolis"
  }, {
    "codeName" : "america_inuvik",
    "text" : "America/Inuvik",
    "value" : "America/Inuvik"
  }, {
    "codeName" : "america_iqaluit",
    "text" : "America/Iqaluit",
    "value" : "America/Iqaluit"
  }, {
    "codeName" : "america_jamaica",
    "text" : "America/Jamaica",
    "value" : "America/Jamaica"
  }, {
    "codeName" : "america_jujuy",
    "text" : "America/Jujuy",
    "value" : "America/Jujuy"
  }, {
    "codeName" : "america_juneau",
    "text" : "America/Juneau",
    "value" : "America/Juneau"
  }, {
    "codeName" : "america_kentucky_louisville",
    "text" : "America/Kentucky/Louisville",
    "value" : "America/Kentucky/Louisville"
  }, {
    "codeName" : "america_kentucky_monticello",
    "text" : "America/Kentucky/Monticello",
    "value" : "America/Kentucky/Monticello"
  }, {
    "codeName" : "america_knox_in",
    "text" : "America/Knox_IN",
    "value" : "America/Knox_IN"
  }, {
    "codeName" : "america_kralendijk",
    "text" : "America/Kralendijk",
    "value" : "America/Kralendijk"
  }, {
    "codeName" : "america_la_paz",
    "text" : "America/La_Paz",
    "value" : "America/La_Paz"
  }, {
    "codeName" : "america_lima",
    "text" : "America/Lima",
    "value" : "America/Lima"
  }, {
    "codeName" : "america_los_angeles",
    "text" : "America/Los_Angeles",
    "value" : "America/Los_Angeles"
  }, {
    "codeName" : "america_louisville",
    "text" : "America/Louisville",
    "value" : "America/Louisville"
  }, {
    "codeName" : "america_lower_princes",
    "text" : "America/Lower_Princes",
    "value" : "America/Lower_Princes"
  }, {
    "codeName" : "america_maceio",
    "text" : "America/Maceio",
    "value" : "America/Maceio"
  }, {
    "codeName" : "america_managua",
    "text" : "America/Managua",
    "value" : "America/Managua"
  }, {
    "codeName" : "america_manaus",
    "text" : "America/Manaus",
    "value" : "America/Manaus"
  }, {
    "codeName" : "america_marigot",
    "text" : "America/Marigot",
    "value" : "America/Marigot"
  }, {
    "codeName" : "america_martinique",
    "text" : "America/Martinique",
    "value" : "America/Martinique"
  }, {
    "codeName" : "america_matamoros",
    "text" : "America/Matamoros",
    "value" : "America/Matamoros"
  }, {
    "codeName" : "america_mazatlan",
    "text" : "America/Mazatlan",
    "value" : "America/Mazatlan"
  }, {
    "codeName" : "america_mendoza",
    "text" : "America/Mendoza",
    "value" : "America/Mendoza"
  }, {
    "codeName" : "america_menominee",
    "text" : "America/Menominee",
    "value" : "America/Menominee"
  }, {
    "codeName" : "america_merida",
    "text" : "America/Merida",
    "value" : "America/Merida"
  }, {
    "codeName" : "america_metlakatla",
    "text" : "America/Metlakatla",
    "value" : "America/Metlakatla"
  }, {
    "codeName" : "america_mexico_city",
    "text" : "America/Mexico_City",
    "value" : "America/Mexico_City"
  }, {
    "codeName" : "america_miquelon",
    "text" : "America/Miquelon",
    "value" : "America/Miquelon"
  }, {
    "codeName" : "america_moncton",
    "text" : "America/Moncton",
    "value" : "America/Moncton"
  }, {
    "codeName" : "america_monterrey",
    "text" : "America/Monterrey",
    "value" : "America/Monterrey"
  }, {
    "codeName" : "america_montevideo",
    "text" : "America/Montevideo",
    "value" : "America/Montevideo"
  }, {
    "codeName" : "america_montreal",
    "text" : "America/Montreal",
    "value" : "America/Montreal"
  }, {
    "codeName" : "america_montserrat",
    "text" : "America/Montserrat",
    "value" : "America/Montserrat"
  }, {
    "codeName" : "america_nassau",
    "text" : "America/Nassau",
    "value" : "America/Nassau"
  }, {
    "codeName" : "america_new_york",
    "text" : "America/New_York",
    "value" : "America/New_York"
  }, {
    "codeName" : "america_nipigon",
    "text" : "America/Nipigon",
    "value" : "America/Nipigon"
  }, {
    "codeName" : "america_nome",
    "text" : "America/Nome",
    "value" : "America/Nome"
  }, {
    "codeName" : "america_noronha",
    "text" : "America/Noronha",
    "value" : "America/Noronha"
  }, {
    "codeName" : "america_north_dakota_beulah",
    "text" : "America/North_Dakota/Beulah",
    "value" : "America/North_Dakota/Beulah"
  }, {
    "codeName" : "america_north_dakota_center",
    "text" : "America/North_Dakota/Center",
    "value" : "America/North_Dakota/Center"
  }, {
    "codeName" : "america_north_dakota_new_salem",
    "text" : "America/North_Dakota/New_Salem",
    "value" : "America/North_Dakota/New_Salem"
  }, {
    "codeName" : "america_nuuk",
    "text" : "America/Nuuk",
    "value" : "America/Nuuk"
  }, {
    "codeName" : "america_ojinaga",
    "text" : "America/Ojinaga",
    "value" : "America/Ojinaga"
  }, {
    "codeName" : "america_panama",
    "text" : "America/Panama",
    "value" : "America/Panama"
  }, {
    "codeName" : "america_pangnirtung",
    "text" : "America/Pangnirtung",
    "value" : "America/Pangnirtung"
  }, {
    "codeName" : "america_paramaribo",
    "text" : "America/Paramaribo",
    "value" : "America/Paramaribo"
  }, {
    "codeName" : "america_phoenix",
    "text" : "America/Phoenix",
    "value" : "America/Phoenix"
  }, {
    "codeName" : "america_port_SUB_au_SUB_prince",
    "text" : "America/Port-au-Prince",
    "value" : "America/Port-au-Prince"
  }, {
    "codeName" : "america_port_of_spain",
    "text" : "America/Port_of_Spain",
    "value" : "America/Port_of_Spain"
  }, {
    "codeName" : "america_porto_acre",
    "text" : "America/Porto_Acre",
    "value" : "America/Porto_Acre"
  }, {
    "codeName" : "america_porto_velho",
    "text" : "America/Porto_Velho",
    "value" : "America/Porto_Velho"
  }, {
    "codeName" : "america_puerto_rico",
    "text" : "America/Puerto_Rico",
    "value" : "America/Puerto_Rico"
  }, {
    "codeName" : "america_punta_arenas",
    "text" : "America/Punta_Arenas",
    "value" : "America/Punta_Arenas"
  }, {
    "codeName" : "america_rainy_river",
    "text" : "America/Rainy_River",
    "value" : "America/Rainy_River"
  }, {
    "codeName" : "america_rankin_inlet",
    "text" : "America/Rankin_Inlet",
    "value" : "America/Rankin_Inlet"
  }, {
    "codeName" : "america_recife",
    "text" : "America/Recife",
    "value" : "America/Recife"
  }, {
    "codeName" : "america_regina",
    "text" : "America/Regina",
    "value" : "America/Regina"
  }, {
    "codeName" : "america_resolute",
    "text" : "America/Resolute",
    "value" : "America/Resolute"
  }, {
    "codeName" : "america_rio_branco",
    "text" : "America/Rio_Branco",
    "value" : "America/Rio_Branco"
  }, {
    "codeName" : "america_rosario",
    "text" : "America/Rosario",
    "value" : "America/Rosario"
  }, {
    "codeName" : "america_santa_isabel",
    "text" : "America/Santa_Isabel",
    "value" : "America/Santa_Isabel"
  }, {
    "codeName" : "america_santarem",
    "text" : "America/Santarem",
    "value" : "America/Santarem"
  }, {
    "codeName" : "america_santiago",
    "text" : "America/Santiago",
    "value" : "America/Santiago"
  }, {
    "codeName" : "america_santo_domingo",
    "text" : "America/Santo_Domingo",
    "value" : "America/Santo_Domingo"
  }, {
    "codeName" : "america_sao_paulo",
    "text" : "America/Sao_Paulo",
    "value" : "America/Sao_Paulo"
  }, {
    "codeName" : "america_scoresbysund",
    "text" : "America/Scoresbysund",
    "value" : "America/Scoresbysund"
  }, {
    "codeName" : "america_shiprock",
    "text" : "America/Shiprock",
    "value" : "America/Shiprock"
  }, {
    "codeName" : "america_sitka",
    "text" : "America/Sitka",
    "value" : "America/Sitka"
  }, {
    "codeName" : "america_st_barthelemy",
    "text" : "America/St_Barthelemy",
    "value" : "America/St_Barthelemy"
  }, {
    "codeName" : "america_st_johns",
    "text" : "America/St_Johns",
    "value" : "America/St_Johns"
  }, {
    "codeName" : "america_st_kitts",
    "text" : "America/St_Kitts",
    "value" : "America/St_Kitts"
  }, {
    "codeName" : "america_st_lucia",
    "text" : "America/St_Lucia",
    "value" : "America/St_Lucia"
  }, {
    "codeName" : "america_st_thomas",
    "text" : "America/St_Thomas",
    "value" : "America/St_Thomas"
  }, {
    "codeName" : "america_st_vincent",
    "text" : "America/St_Vincent",
    "value" : "America/St_Vincent"
  }, {
    "codeName" : "america_swift_current",
    "text" : "America/Swift_Current",
    "value" : "America/Swift_Current"
  }, {
    "codeName" : "america_tegucigalpa",
    "text" : "America/Tegucigalpa",
    "value" : "America/Tegucigalpa"
  }, {
    "codeName" : "america_thule",
    "text" : "America/Thule",
    "value" : "America/Thule"
  }, {
    "codeName" : "america_thunder_bay",
    "text" : "America/Thunder_Bay",
    "value" : "America/Thunder_Bay"
  }, {
    "codeName" : "america_tijuana",
    "text" : "America/Tijuana",
    "value" : "America/Tijuana"
  }, {
    "codeName" : "america_toronto",
    "text" : "America/Toronto",
    "value" : "America/Toronto"
  }, {
    "codeName" : "america_tortola",
    "text" : "America/Tortola",
    "value" : "America/Tortola"
  }, {
    "codeName" : "america_vancouver",
    "text" : "America/Vancouver",
    "value" : "America/Vancouver"
  }, {
    "codeName" : "america_virgin",
    "text" : "America/Virgin",
    "value" : "America/Virgin"
  }, {
    "codeName" : "america_whitehorse",
    "text" : "America/Whitehorse",
    "value" : "America/Whitehorse"
  }, {
    "codeName" : "america_winnipeg",
    "text" : "America/Winnipeg",
    "value" : "America/Winnipeg"
  }, {
    "codeName" : "america_yakutat",
    "text" : "America/Yakutat",
    "value" : "America/Yakutat"
  }, {
    "codeName" : "america_yellowknife",
    "text" : "America/Yellowknife",
    "value" : "America/Yellowknife"
  }, {
    "codeName" : "antarctica_casey",
    "text" : "Antarctica/Casey",
    "value" : "Antarctica/Casey"
  }, {
    "codeName" : "antarctica_davis",
    "text" : "Antarctica/Davis",
    "value" : "Antarctica/Davis"
  }, {
    "codeName" : "antarctica_dumontdurville",
    "text" : "Antarctica/DumontDUrville",
    "value" : "Antarctica/DumontDUrville"
  }, {
    "codeName" : "antarctica_macquarie",
    "text" : "Antarctica/Macquarie",
    "value" : "Antarctica/Macquarie"
  }, {
    "codeName" : "antarctica_mawson",
    "text" : "Antarctica/Mawson",
    "value" : "Antarctica/Mawson"
  }, {
    "codeName" : "antarctica_mcmurdo",
    "text" : "Antarctica/McMurdo",
    "value" : "Antarctica/McMurdo"
  }, {
    "codeName" : "antarctica_palmer",
    "text" : "Antarctica/Palmer",
    "value" : "Antarctica/Palmer"
  }, {
    "codeName" : "antarctica_rothera",
    "text" : "Antarctica/Rothera",
    "value" : "Antarctica/Rothera"
  }, {
    "codeName" : "antarctica_south_pole",
    "text" : "Antarctica/South_Pole",
    "value" : "Antarctica/South_Pole"
  }, {
    "codeName" : "antarctica_syowa",
    "text" : "Antarctica/Syowa",
    "value" : "Antarctica/Syowa"
  }, {
    "codeName" : "antarctica_troll",
    "text" : "Antarctica/Troll",
    "value" : "Antarctica/Troll"
  }, {
    "codeName" : "antarctica_vostok",
    "text" : "Antarctica/Vostok",
    "value" : "Antarctica/Vostok"
  }, {
    "codeName" : "arctic_longyearbyen",
    "text" : "Arctic/Longyearbyen",
    "value" : "Arctic/Longyearbyen"
  }, {
    "codeName" : "asia_aden",
    "text" : "Asia/Aden",
    "value" : "Asia/Aden"
  }, {
    "codeName" : "asia_almaty",
    "text" : "Asia/Almaty",
    "value" : "Asia/Almaty"
  }, {
    "codeName" : "asia_amman",
    "text" : "Asia/Amman",
    "value" : "Asia/Amman"
  }, {
    "codeName" : "asia_anadyr",
    "text" : "Asia/Anadyr",
    "value" : "Asia/Anadyr"
  }, {
    "codeName" : "asia_aqtau",
    "text" : "Asia/Aqtau",
    "value" : "Asia/Aqtau"
  }, {
    "codeName" : "asia_aqtobe",
    "text" : "Asia/Aqtobe",
    "value" : "Asia/Aqtobe"
  }, {
    "codeName" : "asia_ashgabat",
    "text" : "Asia/Ashgabat",
    "value" : "Asia/Ashgabat"
  }, {
    "codeName" : "asia_ashkhabad",
    "text" : "Asia/Ashkhabad",
    "value" : "Asia/Ashkhabad"
  }, {
    "codeName" : "asia_atyrau",
    "text" : "Asia/Atyrau",
    "value" : "Asia/Atyrau"
  }, {
    "codeName" : "asia_baghdad",
    "text" : "Asia/Baghdad",
    "value" : "Asia/Baghdad"
  }, {
    "codeName" : "asia_bahrain",
    "text" : "Asia/Bahrain",
    "value" : "Asia/Bahrain"
  }, {
    "codeName" : "asia_baku",
    "text" : "Asia/Baku",
    "value" : "Asia/Baku"
  }, {
    "codeName" : "asia_bangkok",
    "text" : "Asia/Bangkok",
    "value" : "Asia/Bangkok"
  }, {
    "codeName" : "asia_barnaul",
    "text" : "Asia/Barnaul",
    "value" : "Asia/Barnaul"
  }, {
    "codeName" : "asia_beirut",
    "text" : "Asia/Beirut",
    "value" : "Asia/Beirut"
  }, {
    "codeName" : "asia_bishkek",
    "text" : "Asia/Bishkek",
    "value" : "Asia/Bishkek"
  }, {
    "codeName" : "asia_brunei",
    "text" : "Asia/Brunei",
    "value" : "Asia/Brunei"
  }, {
    "codeName" : "asia_calcutta",
    "text" : "Asia/Calcutta",
    "value" : "Asia/Calcutta"
  }, {
    "codeName" : "asia_chita",
    "text" : "Asia/Chita",
    "value" : "Asia/Chita"
  }, {
    "codeName" : "asia_choibalsan",
    "text" : "Asia/Choibalsan",
    "value" : "Asia/Choibalsan"
  }, {
    "codeName" : "asia_chongqing",
    "text" : "Asia/Chongqing",
    "value" : "Asia/Chongqing"
  }, {
    "codeName" : "asia_chungking",
    "text" : "Asia/Chungking",
    "value" : "Asia/Chungking"
  }, {
    "codeName" : "asia_colombo",
    "text" : "Asia/Colombo",
    "value" : "Asia/Colombo"
  }, {
    "codeName" : "asia_dacca",
    "text" : "Asia/Dacca",
    "value" : "Asia/Dacca"
  }, {
    "codeName" : "asia_damascus",
    "text" : "Asia/Damascus",
    "value" : "Asia/Damascus"
  }, {
    "codeName" : "asia_dhaka",
    "text" : "Asia/Dhaka",
    "value" : "Asia/Dhaka"
  }, {
    "codeName" : "asia_dili",
    "text" : "Asia/Dili",
    "value" : "Asia/Dili"
  }, {
    "codeName" : "asia_dubai",
    "text" : "Asia/Dubai",
    "value" : "Asia/Dubai"
  }, {
    "codeName" : "asia_dushanbe",
    "text" : "Asia/Dushanbe",
    "value" : "Asia/Dushanbe"
  }, {
    "codeName" : "asia_famagusta",
    "text" : "Asia/Famagusta",
    "value" : "Asia/Famagusta"
  }, {
    "codeName" : "asia_gaza",
    "text" : "Asia/Gaza",
    "value" : "Asia/Gaza"
  }, {
    "codeName" : "asia_harbin",
    "text" : "Asia/Harbin",
    "value" : "Asia/Harbin"
  }, {
    "codeName" : "asia_hebron",
    "text" : "Asia/Hebron",
    "value" : "Asia/Hebron"
  }, {
    "codeName" : "asia_ho_chi_minh",
    "text" : "Asia/Ho_Chi_Minh",
    "value" : "Asia/Ho_Chi_Minh"
  }, {
    "codeName" : "asia_hong_kong",
    "text" : "Asia/Hong_Kong",
    "value" : "Asia/Hong_Kong"
  }, {
    "codeName" : "asia_hovd",
    "text" : "Asia/Hovd",
    "value" : "Asia/Hovd"
  }, {
    "codeName" : "asia_irkutsk",
    "text" : "Asia/Irkutsk",
    "value" : "Asia/Irkutsk"
  }, {
    "codeName" : "asia_istanbul",
    "text" : "Asia/Istanbul",
    "value" : "Asia/Istanbul"
  }, {
    "codeName" : "asia_jakarta",
    "text" : "Asia/Jakarta",
    "value" : "Asia/Jakarta"
  }, {
    "codeName" : "asia_jayapura",
    "text" : "Asia/Jayapura",
    "value" : "Asia/Jayapura"
  }, {
    "codeName" : "asia_jerusalem",
    "text" : "Asia/Jerusalem",
    "value" : "Asia/Jerusalem"
  }, {
    "codeName" : "asia_kabul",
    "text" : "Asia/Kabul",
    "value" : "Asia/Kabul"
  }, {
    "codeName" : "asia_kamchatka",
    "text" : "Asia/Kamchatka",
    "value" : "Asia/Kamchatka"
  }, {
    "codeName" : "asia_karachi",
    "text" : "Asia/Karachi",
    "value" : "Asia/Karachi"
  }, {
    "codeName" : "asia_kashgar",
    "text" : "Asia/Kashgar",
    "value" : "Asia/Kashgar"
  }, {
    "codeName" : "asia_kathmandu",
    "text" : "Asia/Kathmandu",
    "value" : "Asia/Kathmandu"
  }, {
    "codeName" : "asia_katmandu",
    "text" : "Asia/Katmandu",
    "value" : "Asia/Katmandu"
  }, {
    "codeName" : "asia_khandyga",
    "text" : "Asia/Khandyga",
    "value" : "Asia/Khandyga"
  }, {
    "codeName" : "asia_kolkata",
    "text" : "Asia/Kolkata",
    "value" : "Asia/Kolkata"
  }, {
    "codeName" : "asia_krasnoyarsk",
    "text" : "Asia/Krasnoyarsk",
    "value" : "Asia/Krasnoyarsk"
  }, {
    "codeName" : "asia_kuala_lumpur",
    "text" : "Asia/Kuala_Lumpur",
    "value" : "Asia/Kuala_Lumpur"
  }, {
    "codeName" : "asia_kuching",
    "text" : "Asia/Kuching",
    "value" : "Asia/Kuching"
  }, {
    "codeName" : "asia_kuwait",
    "text" : "Asia/Kuwait",
    "value" : "Asia/Kuwait"
  }, {
    "codeName" : "asia_macao",
    "text" : "Asia/Macao",
    "value" : "Asia/Macao"
  }, {
    "codeName" : "asia_macau",
    "text" : "Asia/Macau",
    "value" : "Asia/Macau"
  }, {
    "codeName" : "asia_magadan",
    "text" : "Asia/Magadan",
    "value" : "Asia/Magadan"
  }, {
    "codeName" : "asia_makassar",
    "text" : "Asia/Makassar",
    "value" : "Asia/Makassar"
  }, {
    "codeName" : "asia_manila",
    "text" : "Asia/Manila",
    "value" : "Asia/Manila"
  }, {
    "codeName" : "asia_muscat",
    "text" : "Asia/Muscat",
    "value" : "Asia/Muscat"
  }, {
    "codeName" : "asia_nicosia",
    "text" : "Asia/Nicosia",
    "value" : "Asia/Nicosia"
  }, {
    "codeName" : "asia_novokuznetsk",
    "text" : "Asia/Novokuznetsk",
    "value" : "Asia/Novokuznetsk"
  }, {
    "codeName" : "asia_novosibirsk",
    "text" : "Asia/Novosibirsk",
    "value" : "Asia/Novosibirsk"
  }, {
    "codeName" : "asia_omsk",
    "text" : "Asia/Omsk",
    "value" : "Asia/Omsk"
  }, {
    "codeName" : "asia_oral",
    "text" : "Asia/Oral",
    "value" : "Asia/Oral"
  }, {
    "codeName" : "asia_phnom_penh",
    "text" : "Asia/Phnom_Penh",
    "value" : "Asia/Phnom_Penh"
  }, {
    "codeName" : "asia_pontianak",
    "text" : "Asia/Pontianak",
    "value" : "Asia/Pontianak"
  }, {
    "codeName" : "asia_pyongyang",
    "text" : "Asia/Pyongyang",
    "value" : "Asia/Pyongyang"
  }, {
    "codeName" : "asia_qatar",
    "text" : "Asia/Qatar",
    "value" : "Asia/Qatar"
  }, {
    "codeName" : "asia_qostanay",
    "text" : "Asia/Qostanay",
    "value" : "Asia/Qostanay"
  }, {
    "codeName" : "asia_qyzylorda",
    "text" : "Asia/Qyzylorda",
    "value" : "Asia/Qyzylorda"
  }, {
    "codeName" : "asia_rangoon",
    "text" : "Asia/Rangoon",
    "value" : "Asia/Rangoon"
  }, {
    "codeName" : "asia_riyadh",
    "text" : "Asia/Riyadh",
    "value" : "Asia/Riyadh"
  }, {
    "codeName" : "asia_saigon",
    "text" : "Asia/Saigon",
    "value" : "Asia/Saigon"
  }, {
    "codeName" : "asia_sakhalin",
    "text" : "Asia/Sakhalin",
    "value" : "Asia/Sakhalin"
  }, {
    "codeName" : "asia_samarkand",
    "text" : "Asia/Samarkand",
    "value" : "Asia/Samarkand"
  }, {
    "codeName" : "asia_seoul",
    "text" : "Asia/Seoul",
    "value" : "Asia/Seoul"
  }, {
    "codeName" : "asia_shanghai",
    "text" : "Asia/Shanghai",
    "value" : "Asia/Shanghai"
  }, {
    "codeName" : "asia_singapore",
    "text" : "Asia/Singapore",
    "value" : "Asia/Singapore"
  }, {
    "codeName" : "asia_srednekolymsk",
    "text" : "Asia/Srednekolymsk",
    "value" : "Asia/Srednekolymsk"
  }, {
    "codeName" : "asia_taipei",
    "text" : "Asia/Taipei",
    "value" : "Asia/Taipei"
  }, {
    "codeName" : "asia_tashkent",
    "text" : "Asia/Tashkent",
    "value" : "Asia/Tashkent"
  }, {
    "codeName" : "asia_tbilisi",
    "text" : "Asia/Tbilisi",
    "value" : "Asia/Tbilisi"
  }, {
    "codeName" : "asia_tehran",
    "text" : "Asia/Tehran",
    "value" : "Asia/Tehran"
  }, {
    "codeName" : "asia_tel_aviv",
    "text" : "Asia/Tel_Aviv",
    "value" : "Asia/Tel_Aviv"
  }, {
    "codeName" : "asia_thimbu",
    "text" : "Asia/Thimbu",
    "value" : "Asia/Thimbu"
  }, {
    "codeName" : "asia_thimphu",
    "text" : "Asia/Thimphu",
    "value" : "Asia/Thimphu"
  }, {
    "codeName" : "asia_tokyo",
    "text" : "Asia/Tokyo",
    "value" : "Asia/Tokyo"
  }, {
    "codeName" : "asia_tomsk",
    "text" : "Asia/Tomsk",
    "value" : "Asia/Tomsk"
  }, {
    "codeName" : "asia_ujung_pandang",
    "text" : "Asia/Ujung_Pandang",
    "value" : "Asia/Ujung_Pandang"
  }, {
    "codeName" : "asia_ulaanbaatar",
    "text" : "Asia/Ulaanbaatar",
    "value" : "Asia/Ulaanbaatar"
  }, {
    "codeName" : "asia_ulan_bator",
    "text" : "Asia/Ulan_Bator",
    "value" : "Asia/Ulan_Bator"
  }, {
    "codeName" : "asia_urumqi",
    "text" : "Asia/Urumqi",
    "value" : "Asia/Urumqi"
  }, {
    "codeName" : "asia_ust_SUB_nera",
    "text" : "Asia/Ust-Nera",
    "value" : "Asia/Ust-Nera"
  }, {
    "codeName" : "asia_vientiane",
    "text" : "Asia/Vientiane",
    "value" : "Asia/Vientiane"
  }, {
    "codeName" : "asia_vladivostok",
    "text" : "Asia/Vladivostok",
    "value" : "Asia/Vladivostok"
  }, {
    "codeName" : "asia_yakutsk",
    "text" : "Asia/Yakutsk",
    "value" : "Asia/Yakutsk"
  }, {
    "codeName" : "asia_yangon",
    "text" : "Asia/Yangon",
    "value" : "Asia/Yangon"
  }, {
    "codeName" : "asia_yekaterinburg",
    "text" : "Asia/Yekaterinburg",
    "value" : "Asia/Yekaterinburg"
  }, {
    "codeName" : "asia_yerevan",
    "text" : "Asia/Yerevan",
    "value" : "Asia/Yerevan"
  }, {
    "codeName" : "atlantic_azores",
    "text" : "Atlantic/Azores",
    "value" : "Atlantic/Azores"
  }, {
    "codeName" : "atlantic_bermuda",
    "text" : "Atlantic/Bermuda",
    "value" : "Atlantic/Bermuda"
  }, {
    "codeName" : "atlantic_canary",
    "text" : "Atlantic/Canary",
    "value" : "Atlantic/Canary"
  }, {
    "codeName" : "atlantic_cape_verde",
    "text" : "Atlantic/Cape_Verde",
    "value" : "Atlantic/Cape_Verde"
  }, {
    "codeName" : "atlantic_faeroe",
    "text" : "Atlantic/Faeroe",
    "value" : "Atlantic/Faeroe"
  }, {
    "codeName" : "atlantic_faroe",
    "text" : "Atlantic/Faroe",
    "value" : "Atlantic/Faroe"
  }, {
    "codeName" : "atlantic_jan_mayen",
    "text" : "Atlantic/Jan_Mayen",
    "value" : "Atlantic/Jan_Mayen"
  }, {
    "codeName" : "atlantic_madeira",
    "text" : "Atlantic/Madeira",
    "value" : "Atlantic/Madeira"
  }, {
    "codeName" : "atlantic_reykjavik",
    "text" : "Atlantic/Reykjavik",
    "value" : "Atlantic/Reykjavik"
  }, {
    "codeName" : "atlantic_south_georgia",
    "text" : "Atlantic/South_Georgia",
    "value" : "Atlantic/South_Georgia"
  }, {
    "codeName" : "atlantic_st_helena",
    "text" : "Atlantic/St_Helena",
    "value" : "Atlantic/St_Helena"
  }, {
    "codeName" : "atlantic_stanley",
    "text" : "Atlantic/Stanley",
    "value" : "Atlantic/Stanley"
  }, {
    "codeName" : "australia_act",
    "text" : "Australia/ACT",
    "value" : "Australia/ACT"
  }, {
    "codeName" : "australia_adelaide",
    "text" : "Australia/Adelaide",
    "value" : "Australia/Adelaide"
  }, {
    "codeName" : "australia_brisbane",
    "text" : "Australia/Brisbane",
    "value" : "Australia/Brisbane"
  }, {
    "codeName" : "australia_broken_hill",
    "text" : "Australia/Broken_Hill",
    "value" : "Australia/Broken_Hill"
  }, {
    "codeName" : "australia_canberra",
    "text" : "Australia/Canberra",
    "value" : "Australia/Canberra"
  }, {
    "codeName" : "australia_currie",
    "text" : "Australia/Currie",
    "value" : "Australia/Currie"
  }, {
    "codeName" : "australia_darwin",
    "text" : "Australia/Darwin",
    "value" : "Australia/Darwin"
  }, {
    "codeName" : "australia_eucla",
    "text" : "Australia/Eucla",
    "value" : "Australia/Eucla"
  }, {
    "codeName" : "australia_hobart",
    "text" : "Australia/Hobart",
    "value" : "Australia/Hobart"
  }, {
    "codeName" : "australia_lhi",
    "text" : "Australia/LHI",
    "value" : "Australia/LHI"
  }, {
    "codeName" : "australia_lindeman",
    "text" : "Australia/Lindeman",
    "value" : "Australia/Lindeman"
  }, {
    "codeName" : "australia_lord_howe",
    "text" : "Australia/Lord_Howe",
    "value" : "Australia/Lord_Howe"
  }, {
    "codeName" : "australia_melbourne",
    "text" : "Australia/Melbourne",
    "value" : "Australia/Melbourne"
  }, {
    "codeName" : "australia_nsw",
    "text" : "Australia/NSW",
    "value" : "Australia/NSW"
  }, {
    "codeName" : "australia_north",
    "text" : "Australia/North",
    "value" : "Australia/North"
  }, {
    "codeName" : "australia_perth",
    "text" : "Australia/Perth",
    "value" : "Australia/Perth"
  }, {
    "codeName" : "australia_queensland",
    "text" : "Australia/Queensland",
    "value" : "Australia/Queensland"
  }, {
    "codeName" : "australia_south",
    "text" : "Australia/South",
    "value" : "Australia/South"
  }, {
    "codeName" : "australia_sydney",
    "text" : "Australia/Sydney",
    "value" : "Australia/Sydney"
  }, {
    "codeName" : "australia_tasmania",
    "text" : "Australia/Tasmania",
    "value" : "Australia/Tasmania"
  }, {
    "codeName" : "australia_victoria",
    "text" : "Australia/Victoria",
    "value" : "Australia/Victoria"
  }, {
    "codeName" : "australia_west",
    "text" : "Australia/West",
    "value" : "Australia/West"
  }, {
    "codeName" : "australia_yancowinna",
    "text" : "Australia/Yancowinna",
    "value" : "Australia/Yancowinna"
  }, {
    "codeName" : "brazil_acre",
    "text" : "Brazil/Acre",
    "value" : "Brazil/Acre"
  }, {
    "codeName" : "brazil_denoronha",
    "text" : "Brazil/DeNoronha",
    "value" : "Brazil/DeNoronha"
  }, {
    "codeName" : "brazil_east",
    "text" : "Brazil/East",
    "value" : "Brazil/East"
  }, {
    "codeName" : "brazil_west",
    "text" : "Brazil/West",
    "value" : "Brazil/West"
  }, {
    "codeName" : "cet",
    "text" : "CET",
    "value" : "CET"
  }, {
    "codeName" : "cst6cdt",
    "text" : "CST6CDT",
    "value" : "CST6CDT"
  }, {
    "codeName" : "canada_atlantic",
    "text" : "Canada/Atlantic",
    "value" : "Canada/Atlantic"
  }, {
    "codeName" : "canada_central",
    "text" : "Canada/Central",
    "value" : "Canada/Central"
  }, {
    "codeName" : "canada_eastern",
    "text" : "Canada/Eastern",
    "value" : "Canada/Eastern"
  }, {
    "codeName" : "canada_mountain",
    "text" : "Canada/Mountain",
    "value" : "Canada/Mountain"
  }, {
    "codeName" : "canada_newfoundland",
    "text" : "Canada/Newfoundland",
    "value" : "Canada/Newfoundland"
  }, {
    "codeName" : "canada_pacific",
    "text" : "Canada/Pacific",
    "value" : "Canada/Pacific"
  }, {
    "codeName" : "canada_saskatchewan",
    "text" : "Canada/Saskatchewan",
    "value" : "Canada/Saskatchewan"
  }, {
    "codeName" : "canada_yukon",
    "text" : "Canada/Yukon",
    "value" : "Canada/Yukon"
  }, {
    "codeName" : "chile_continental",
    "text" : "Chile/Continental",
    "value" : "Chile/Continental"
  }, {
    "codeName" : "chile_easterisland",
    "text" : "Chile/EasterIsland",
    "value" : "Chile/EasterIsland"
  }, {
    "codeName" : "cuba",
    "text" : "古巴",
    "value" : "Cuba"
  }, {
    "codeName" : "eet",
    "text" : "EET",
    "value" : "EET"
  }, {
    "codeName" : "est",
    "text" : "EST",
    "value" : "EST"
  }, {
    "codeName" : "est5edt",
    "text" : "EST5EDT",
    "value" : "EST5EDT"
  }, {
    "codeName" : "egypt",
    "text" : "埃及",
    "value" : "Egypt"
  }, {
    "codeName" : "eire",
    "text" : "Eire",
    "value" : "Eire"
  }, {
    "codeName" : "europe_amsterdam",
    "text" : "Europe/Amsterdam",
    "value" : "Europe/Amsterdam"
  }, {
    "codeName" : "europe_andorra",
    "text" : "Europe/Andorra",
    "value" : "Europe/Andorra"
  }, {
    "codeName" : "europe_astrakhan",
    "text" : "Europe/Astrakhan",
    "value" : "Europe/Astrakhan"
  }, {
    "codeName" : "europe_athens",
    "text" : "Europe/Athens",
    "value" : "Europe/Athens"
  }, {
    "codeName" : "europe_belfast",
    "text" : "Europe/Belfast",
    "value" : "Europe/Belfast"
  }, {
    "codeName" : "europe_belgrade",
    "text" : "Europe/Belgrade",
    "value" : "Europe/Belgrade"
  }, {
    "codeName" : "europe_berlin",
    "text" : "Europe/Berlin",
    "value" : "Europe/Berlin"
  }, {
    "codeName" : "europe_bratislava",
    "text" : "Europe/Bratislava",
    "value" : "Europe/Bratislava"
  }, {
    "codeName" : "europe_brussels",
    "text" : "Europe/Brussels",
    "value" : "Europe/Brussels"
  }, {
    "codeName" : "europe_bucharest",
    "text" : "Europe/Bucharest",
    "value" : "Europe/Bucharest"
  }, {
    "codeName" : "europe_budapest",
    "text" : "Europe/Budapest",
    "value" : "Europe/Budapest"
  }, {
    "codeName" : "europe_busingen",
    "text" : "Europe/Busingen",
    "value" : "Europe/Busingen"
  }, {
    "codeName" : "europe_chisinau",
    "text" : "Europe/Chisinau",
    "value" : "Europe/Chisinau"
  }, {
    "codeName" : "europe_copenhagen",
    "text" : "Europe/Copenhagen",
    "value" : "Europe/Copenhagen"
  }, {
    "codeName" : "europe_dublin",
    "text" : "Europe/Dublin",
    "value" : "Europe/Dublin"
  }, {
    "codeName" : "europe_gibraltar",
    "text" : "Europe/Gibraltar",
    "value" : "Europe/Gibraltar"
  }, {
    "codeName" : "europe_guernsey",
    "text" : "Europe/Guernsey",
    "value" : "Europe/Guernsey"
  }, {
    "codeName" : "europe_helsinki",
    "text" : "Europe/Helsinki",
    "value" : "Europe/Helsinki"
  }, {
    "codeName" : "europe_isle_of_man",
    "text" : "Europe/Isle_of_Man",
    "value" : "Europe/Isle_of_Man"
  }, {
    "codeName" : "europe_istanbul",
    "text" : "Europe/Istanbul",
    "value" : "Europe/Istanbul"
  }, {
    "codeName" : "europe_jersey",
    "text" : "Europe/Jersey",
    "value" : "Europe/Jersey"
  }, {
    "codeName" : "europe_kaliningrad",
    "text" : "Europe/Kaliningrad",
    "value" : "Europe/Kaliningrad"
  }, {
    "codeName" : "europe_kiev",
    "text" : "Europe/Kiev",
    "value" : "Europe/Kiev"
  }, {
    "codeName" : "europe_kirov",
    "text" : "Europe/Kirov",
    "value" : "Europe/Kirov"
  }, {
    "codeName" : "europe_kyiv",
    "text" : "Europe/Kyiv",
    "value" : "Europe/Kyiv"
  }, {
    "codeName" : "europe_lisbon",
    "text" : "Europe/Lisbon",
    "value" : "Europe/Lisbon"
  }, {
    "codeName" : "europe_ljubljana",
    "text" : "Europe/Ljubljana",
    "value" : "Europe/Ljubljana"
  }, {
    "codeName" : "europe_london",
    "text" : "Europe/London",
    "value" : "Europe/London"
  }, {
    "codeName" : "europe_luxembourg",
    "text" : "Europe/Luxembourg",
    "value" : "Europe/Luxembourg"
  }, {
    "codeName" : "europe_madrid",
    "text" : "Europe/Madrid",
    "value" : "Europe/Madrid"
  }, {
    "codeName" : "europe_malta",
    "text" : "Europe/Malta",
    "value" : "Europe/Malta"
  }, {
    "codeName" : "europe_mariehamn",
    "text" : "Europe/Mariehamn",
    "value" : "Europe/Mariehamn"
  }, {
    "codeName" : "europe_minsk",
    "text" : "Europe/Minsk",
    "value" : "Europe/Minsk"
  }, {
    "codeName" : "europe_monaco",
    "text" : "Europe/Monaco",
    "value" : "Europe/Monaco"
  }, {
    "codeName" : "europe_moscow",
    "text" : "Europe/Moscow",
    "value" : "Europe/Moscow"
  }, {
    "codeName" : "europe_nicosia",
    "text" : "Europe/Nicosia",
    "value" : "Europe/Nicosia"
  }, {
    "codeName" : "europe_oslo",
    "text" : "Europe/Oslo",
    "value" : "Europe/Oslo"
  }, {
    "codeName" : "europe_paris",
    "text" : "Europe/Paris",
    "value" : "Europe/Paris"
  }, {
    "codeName" : "europe_podgorica",
    "text" : "Europe/Podgorica",
    "value" : "Europe/Podgorica"
  }, {
    "codeName" : "europe_prague",
    "text" : "Europe/Prague",
    "value" : "Europe/Prague"
  }, {
    "codeName" : "europe_riga",
    "text" : "Europe/Riga",
    "value" : "Europe/Riga"
  }, {
    "codeName" : "europe_rome",
    "text" : "Europe/Rome",
    "value" : "Europe/Rome"
  }, {
    "codeName" : "europe_samara",
    "text" : "Europe/Samara",
    "value" : "Europe/Samara"
  }, {
    "codeName" : "europe_san_marino",
    "text" : "Europe/San_Marino",
    "value" : "Europe/San_Marino"
  }, {
    "codeName" : "europe_sarajevo",
    "text" : "Europe/Sarajevo",
    "value" : "Europe/Sarajevo"
  }, {
    "codeName" : "europe_saratov",
    "text" : "Europe/Saratov",
    "value" : "Europe/Saratov"
  }, {
    "codeName" : "europe_simferopol",
    "text" : "Europe/Simferopol",
    "value" : "Europe/Simferopol"
  }, {
    "codeName" : "europe_skopje",
    "text" : "Europe/Skopje",
    "value" : "Europe/Skopje"
  }, {
    "codeName" : "europe_sofia",
    "text" : "Europe/Sofia",
    "value" : "Europe/Sofia"
  }, {
    "codeName" : "europe_stockholm",
    "text" : "Europe/Stockholm",
    "value" : "Europe/Stockholm"
  }, {
    "codeName" : "europe_tallinn",
    "text" : "Europe/Tallinn",
    "value" : "Europe/Tallinn"
  }, {
    "codeName" : "europe_tirane",
    "text" : "Europe/Tirane",
    "value" : "Europe/Tirane"
  }, {
    "codeName" : "europe_tiraspol",
    "text" : "Europe/Tiraspol",
    "value" : "Europe/Tiraspol"
  }, {
    "codeName" : "europe_ulyanovsk",
    "text" : "Europe/Ulyanovsk",
    "value" : "Europe/Ulyanovsk"
  }, {
    "codeName" : "europe_uzhgorod",
    "text" : "Europe/Uzhgorod",
    "value" : "Europe/Uzhgorod"
  }, {
    "codeName" : "europe_vaduz",
    "text" : "Europe/Vaduz",
    "value" : "Europe/Vaduz"
  }, {
    "codeName" : "europe_vatican",
    "text" : "Europe/Vatican",
    "value" : "Europe/Vatican"
  }, {
    "codeName" : "europe_vienna",
    "text" : "Europe/Vienna",
    "value" : "Europe/Vienna"
  }, {
    "codeName" : "europe_vilnius",
    "text" : "Europe/Vilnius",
    "value" : "Europe/Vilnius"
  }, {
    "codeName" : "europe_volgograd",
    "text" : "Europe/Volgograd",
    "value" : "Europe/Volgograd"
  }, {
    "codeName" : "europe_warsaw",
    "text" : "Europe/Warsaw",
    "value" : "Europe/Warsaw"
  }, {
    "codeName" : "europe_zagreb",
    "text" : "Europe/Zagreb",
    "value" : "Europe/Zagreb"
  }, {
    "codeName" : "europe_zaporozhye",
    "text" : "Europe/Zaporozhye",
    "value" : "Europe/Zaporozhye"
  }, {
    "codeName" : "europe_zurich",
    "text" : "Europe/Zurich",
    "value" : "Europe/Zurich"
  }, {
    "codeName" : "gb",
    "text" : "GB",
    "value" : "GB"
  }, {
    "codeName" : "gb_SUB_eire",
    "text" : "GB-Eire",
    "value" : "GB-Eire"
  }, {
    "codeName" : "gmt",
    "text" : "GMT",
    "value" : "GMT"
  }, {
    "codeName" : "gmt_ADD_0",
    "text" : "GMT+0",
    "value" : "GMT+0"
  }, {
    "codeName" : "gmt_SUB_0",
    "text" : "GMT-0",
    "value" : "GMT-0"
  }, {
    "codeName" : "gmt0",
    "text" : "GMT0",
    "value" : "GMT0"
  }, {
    "codeName" : "greenwich",
    "text" : "Greenwich",
    "value" : "Greenwich"
  }, {
    "codeName" : "hst",
    "text" : "HST",
    "value" : "HST"
  }, {
    "codeName" : "hongkong",
    "text" : "Hongkong",
    "value" : "Hongkong"
  }, {
    "codeName" : "iceland",
    "text" : "冰岛",
    "value" : "Iceland"
  }, {
    "codeName" : "indian_antananarivo",
    "text" : "Indian/Antananarivo",
    "value" : "Indian/Antananarivo"
  }, {
    "codeName" : "indian_chagos",
    "text" : "Indian/Chagos",
    "value" : "Indian/Chagos"
  }, {
    "codeName" : "indian_christmas",
    "text" : "Indian/Christmas",
    "value" : "Indian/Christmas"
  }, {
    "codeName" : "indian_cocos",
    "text" : "Indian/Cocos",
    "value" : "Indian/Cocos"
  }, {
    "codeName" : "indian_comoro",
    "text" : "Indian/Comoro",
    "value" : "Indian/Comoro"
  }, {
    "codeName" : "indian_kerguelen",
    "text" : "Indian/Kerguelen",
    "value" : "Indian/Kerguelen"
  }, {
    "codeName" : "indian_mahe",
    "text" : "Indian/Mahe",
    "value" : "Indian/Mahe"
  }, {
    "codeName" : "indian_maldives",
    "text" : "Indian/Maldives",
    "value" : "Indian/Maldives"
  }, {
    "codeName" : "indian_mauritius",
    "text" : "Indian/Mauritius",
    "value" : "Indian/Mauritius"
  }, {
    "codeName" : "indian_mayotte",
    "text" : "Indian/Mayotte",
    "value" : "Indian/Mayotte"
  }, {
    "codeName" : "indian_reunion",
    "text" : "Indian/Reunion",
    "value" : "Indian/Reunion"
  }, {
    "codeName" : "iran",
    "text" : "伊朗",
    "value" : "Iran"
  }, {
    "codeName" : "israel",
    "text" : "以色列",
    "value" : "Israel"
  }, {
    "codeName" : "jamaica",
    "text" : "牙买加",
    "value" : "Jamaica"
  }, {
    "codeName" : "japan",
    "text" : "日本",
    "value" : "Japan"
  }, {
    "codeName" : "kwajalein",
    "text" : "Kwajalein",
    "value" : "Kwajalein"
  }, {
    "codeName" : "libya",
    "text" : "利比亚",
    "value" : "Libya"
  }, {
    "codeName" : "met",
    "text" : "MET",
    "value" : "MET"
  }, {
    "codeName" : "mst",
    "text" : "MST",
    "value" : "MST"
  }, {
    "codeName" : "mst7mdt",
    "text" : "MST7MDT",
    "value" : "MST7MDT"
  }, {
    "codeName" : "mexico_bajanorte",
    "text" : "Mexico/BajaNorte",
    "value" : "Mexico/BajaNorte"
  }, {
    "codeName" : "mexico_bajasur",
    "text" : "Mexico/BajaSur",
    "value" : "Mexico/BajaSur"
  }, {
    "codeName" : "mexico_general",
    "text" : "Mexico/General",
    "value" : "Mexico/General"
  }, {
    "codeName" : "nz",
    "text" : "NZ",
    "value" : "NZ"
  }, {
    "codeName" : "nz_SUB_chat",
    "text" : "NZ-CHAT",
    "value" : "NZ-CHAT"
  }, {
    "codeName" : "navajo",
    "text" : "Navajo",
    "value" : "Navajo"
  }, {
    "codeName" : "prc",
    "text" : "PRC",
    "value" : "PRC"
  }, {
    "codeName" : "pst8pdt",
    "text" : "PST8PDT",
    "value" : "PST8PDT"
  }, {
    "codeName" : "pacific_apia",
    "text" : "Pacific/Apia",
    "value" : "Pacific/Apia"
  }, {
    "codeName" : "pacific_auckland",
    "text" : "Pacific/Auckland",
    "value" : "Pacific/Auckland"
  }, {
    "codeName" : "pacific_bougainville",
    "text" : "Pacific/Bougainville",
    "value" : "Pacific/Bougainville"
  }, {
    "codeName" : "pacific_chatham",
    "text" : "Pacific/Chatham",
    "value" : "Pacific/Chatham"
  }, {
    "codeName" : "pacific_chuuk",
    "text" : "Pacific/Chuuk",
    "value" : "Pacific/Chuuk"
  }, {
    "codeName" : "pacific_easter",
    "text" : "Pacific/Easter",
    "value" : "Pacific/Easter"
  }, {
    "codeName" : "pacific_efate",
    "text" : "Pacific/Efate",
    "value" : "Pacific/Efate"
  }, {
    "codeName" : "pacific_enderbury",
    "text" : "Pacific/Enderbury",
    "value" : "Pacific/Enderbury"
  }, {
    "codeName" : "pacific_fakaofo",
    "text" : "Pacific/Fakaofo",
    "value" : "Pacific/Fakaofo"
  }, {
    "codeName" : "pacific_fiji",
    "text" : "Pacific/Fiji",
    "value" : "Pacific/Fiji"
  }, {
    "codeName" : "pacific_funafuti",
    "text" : "Pacific/Funafuti",
    "value" : "Pacific/Funafuti"
  }, {
    "codeName" : "pacific_galapagos",
    "text" : "Pacific/Galapagos",
    "value" : "Pacific/Galapagos"
  }, {
    "codeName" : "pacific_gambier",
    "text" : "Pacific/Gambier",
    "value" : "Pacific/Gambier"
  }, {
    "codeName" : "pacific_guadalcanal",
    "text" : "Pacific/Guadalcanal",
    "value" : "Pacific/Guadalcanal"
  }, {
    "codeName" : "pacific_guam",
    "text" : "Pacific/Guam",
    "value" : "Pacific/Guam"
  }, {
    "codeName" : "pacific_honolulu",
    "text" : "Pacific/Honolulu",
    "value" : "Pacific/Honolulu"
  }, {
    "codeName" : "pacific_johnston",
    "text" : "Pacific/Johnston",
    "value" : "Pacific/Johnston"
  }, {
    "codeName" : "pacific_kanton",
    "text" : "Pacific/Kanton",
    "value" : "Pacific/Kanton"
  }, {
    "codeName" : "pacific_kiritimati",
    "text" : "Pacific/Kiritimati",
    "value" : "Pacific/Kiritimati"
  }, {
    "codeName" : "pacific_kosrae",
    "text" : "Pacific/Kosrae",
    "value" : "Pacific/Kosrae"
  }, {
    "codeName" : "pacific_kwajalein",
    "text" : "Pacific/Kwajalein",
    "value" : "Pacific/Kwajalein"
  }, {
    "codeName" : "pacific_majuro",
    "text" : "Pacific/Majuro",
    "value" : "Pacific/Majuro"
  }, {
    "codeName" : "pacific_marquesas",
    "text" : "Pacific/Marquesas",
    "value" : "Pacific/Marquesas"
  }, {
    "codeName" : "pacific_midway",
    "text" : "Pacific/Midway",
    "value" : "Pacific/Midway"
  }, {
    "codeName" : "pacific_nauru",
    "text" : "Pacific/Nauru",
    "value" : "Pacific/Nauru"
  }, {
    "codeName" : "pacific_niue",
    "text" : "Pacific/Niue",
    "value" : "Pacific/Niue"
  }, {
    "codeName" : "pacific_norfolk",
    "text" : "Pacific/Norfolk",
    "value" : "Pacific/Norfolk"
  }, {
    "codeName" : "pacific_noumea",
    "text" : "Pacific/Noumea",
    "value" : "Pacific/Noumea"
  }, {
    "codeName" : "pacific_pago_pago",
    "text" : "Pacific/Pago_Pago",
    "value" : "Pacific/Pago_Pago"
  }, {
    "codeName" : "pacific_palau",
    "text" : "Pacific/Palau",
    "value" : "Pacific/Palau"
  }, {
    "codeName" : "pacific_pitcairn",
    "text" : "Pacific/Pitcairn",
    "value" : "Pacific/Pitcairn"
  }, {
    "codeName" : "pacific_pohnpei",
    "text" : "Pacific/Pohnpei",
    "value" : "Pacific/Pohnpei"
  }, {
    "codeName" : "pacific_ponape",
    "text" : "Pacific/Ponape",
    "value" : "Pacific/Ponape"
  }, {
    "codeName" : "pacific_port_moresby",
    "text" : "Pacific/Port_Moresby",
    "value" : "Pacific/Port_Moresby"
  }, {
    "codeName" : "pacific_rarotonga",
    "text" : "Pacific/Rarotonga",
    "value" : "Pacific/Rarotonga"
  }, {
    "codeName" : "pacific_saipan",
    "text" : "Pacific/Saipan",
    "value" : "Pacific/Saipan"
  }, {
    "codeName" : "pacific_samoa",
    "text" : "Pacific/Samoa",
    "value" : "Pacific/Samoa"
  }, {
    "codeName" : "pacific_tahiti",
    "text" : "Pacific/Tahiti",
    "value" : "Pacific/Tahiti"
  }, {
    "codeName" : "pacific_tarawa",
    "text" : "Pacific/Tarawa",
    "value" : "Pacific/Tarawa"
  }, {
    "codeName" : "pacific_tongatapu",
    "text" : "Pacific/Tongatapu",
    "value" : "Pacific/Tongatapu"
  }, {
    "codeName" : "pacific_truk",
    "text" : "Pacific/Truk",
    "value" : "Pacific/Truk"
  }, {
    "codeName" : "pacific_wake",
    "text" : "Pacific/Wake",
    "value" : "Pacific/Wake"
  }, {
    "codeName" : "pacific_wallis",
    "text" : "Pacific/Wallis",
    "value" : "Pacific/Wallis"
  }, {
    "codeName" : "pacific_yap",
    "text" : "Pacific/Yap",
    "value" : "Pacific/Yap"
  }, {
    "codeName" : "poland",
    "text" : "波兰",
    "value" : "Poland"
  }, {
    "codeName" : "portugal",
    "text" : "葡萄牙",
    "value" : "Portugal"
  }, {
    "codeName" : "roc",
    "text" : "ROC",
    "value" : "ROC"
  }, {
    "codeName" : "rok",
    "text" : "ROK",
    "value" : "ROK"
  }, {
    "codeName" : "singapore",
    "text" : "新加坡",
    "value" : "Singapore"
  }, {
    "codeName" : "turkey",
    "text" : "土耳其",
    "value" : "Turkey"
  }, {
    "codeName" : "uct",
    "text" : "UCT",
    "value" : "UCT"
  }, {
    "codeName" : "us_alaska",
    "text" : "US/Alaska",
    "value" : "US/Alaska"
  }, {
    "codeName" : "us_aleutian",
    "text" : "US/Aleutian",
    "value" : "US/Aleutian"
  }, {
    "codeName" : "us_arizona",
    "text" : "US/Arizona",
    "value" : "US/Arizona"
  }, {
    "codeName" : "us_central",
    "text" : "US/Central",
    "value" : "US/Central"
  }, {
    "codeName" : "us_east_SUB_indiana",
    "text" : "US/East-Indiana",
    "value" : "US/East-Indiana"
  }, {
    "codeName" : "us_eastern",
    "text" : "US/Eastern",
    "value" : "US/Eastern"
  }, {
    "codeName" : "us_hawaii",
    "text" : "US/Hawaii",
    "value" : "US/Hawaii"
  }, {
    "codeName" : "us_indiana_SUB_starke",
    "text" : "US/Indiana-Starke",
    "value" : "US/Indiana-Starke"
  }, {
    "codeName" : "us_michigan",
    "text" : "US/Michigan",
    "value" : "US/Michigan"
  }, {
    "codeName" : "us_mountain",
    "text" : "US/Mountain",
    "value" : "US/Mountain"
  }, {
    "codeName" : "us_pacific",
    "text" : "US/Pacific",
    "value" : "US/Pacific"
  }, {
    "codeName" : "us_samoa",
    "text" : "US/Samoa",
    "value" : "US/Samoa"
  }, {
    "codeName" : "utc",
    "text" : "UTC",
    "value" : "UTC"
  }, {
    "codeName" : "universal",
    "text" : "Universal",
    "value" : "Universal"
  }, {
    "codeName" : "w_SUB_su",
    "text" : "W-SU",
    "value" : "W-SU"
  }, {
    "codeName" : "wet",
    "text" : "WET",
    "value" : "WET"
  }, {
    "codeName" : "zulu",
    "text" : "祖鲁语",
    "value" : "Zulu"
  }, {
    "codeName" : "etc_gmt",
    "text" : "Etc/GMT",
    "value" : "Etc/GMT"
  }, {
    "codeName" : "etc_gmt_ADD_0",
    "text" : "Etc/GMT+0",
    "value" : "Etc/GMT+0"
  }, {
    "codeName" : "etc_gmt_ADD_1",
    "text" : "Etc/GMT+1",
    "value" : "Etc/GMT+1"
  }, {
    "codeName" : "etc_gmt_ADD_10",
    "text" : "Etc/GMT+10",
    "value" : "Etc/GMT+10"
  }, {
    "codeName" : "etc_gmt_ADD_11",
    "text" : "Etc/GMT+11",
    "value" : "Etc/GMT+11"
  }, {
    "codeName" : "etc_gmt_ADD_12",
    "text" : "Etc/GMT+12",
    "value" : "Etc/GMT+12"
  }, {
    "codeName" : "etc_gmt_ADD_2",
    "text" : "Etc/GMT+2",
    "value" : "Etc/GMT+2"
  }, {
    "codeName" : "etc_gmt_ADD_3",
    "text" : "Etc/GMT+3",
    "value" : "Etc/GMT+3"
  }, {
    "codeName" : "etc_gmt_ADD_4",
    "text" : "Etc/GMT+4",
    "value" : "Etc/GMT+4"
  }, {
    "codeName" : "etc_gmt_ADD_5",
    "text" : "Etc/GMT+5",
    "value" : "Etc/GMT+5"
  }, {
    "codeName" : "etc_gmt_ADD_6",
    "text" : "Etc/GMT+6",
    "value" : "Etc/GMT+6"
  }, {
    "codeName" : "etc_gmt_ADD_7",
    "text" : "Etc/GMT+7",
    "value" : "Etc/GMT+7"
  }, {
    "codeName" : "etc_gmt_ADD_8",
    "text" : "Etc/GMT+8",
    "value" : "Etc/GMT+8"
  }, {
    "codeName" : "etc_gmt_ADD_9",
    "text" : "Etc/GMT+9",
    "value" : "Etc/GMT+9"
  }, {
    "codeName" : "etc_gmt_SUB_0",
    "text" : "Etc/GMT-0",
    "value" : "Etc/GMT-0"
  }, {
    "codeName" : "etc_gmt_SUB_1",
    "text" : "Etc/GMT-1",
    "value" : "Etc/GMT-1"
  }, {
    "codeName" : "etc_gmt_SUB_10",
    "text" : "Etc/GMT-10",
    "value" : "Etc/GMT-10"
  }, {
    "codeName" : "etc_gmt_SUB_11",
    "text" : "Etc/GMT-11",
    "value" : "Etc/GMT-11"
  }, {
    "codeName" : "etc_gmt_SUB_12",
    "text" : "Etc/GMT-12",
    "value" : "Etc/GMT-12"
  }, {
    "codeName" : "etc_gmt_SUB_13",
    "text" : "Etc/GMT-13",
    "value" : "Etc/GMT-13"
  }, {
    "codeName" : "etc_gmt_SUB_14",
    "text" : "Etc/GMT-14",
    "value" : "Etc/GMT-14"
  }, {
    "codeName" : "etc_gmt_SUB_2",
    "text" : "Etc/GMT-2",
    "value" : "Etc/GMT-2"
  }, {
    "codeName" : "etc_gmt_SUB_3",
    "text" : "Etc/GMT-3",
    "value" : "Etc/GMT-3"
  }, {
    "codeName" : "etc_gmt_SUB_4",
    "text" : "Etc/GMT-4",
    "value" : "Etc/GMT-4"
  }, {
    "codeName" : "etc_gmt_SUB_5",
    "text" : "Etc/GMT-5",
    "value" : "Etc/GMT-5"
  }, {
    "codeName" : "etc_gmt_SUB_6",
    "text" : "Etc/GMT-6",
    "value" : "Etc/GMT-6"
  }, {
    "codeName" : "etc_gmt_SUB_7",
    "text" : "Etc/GMT-7",
    "value" : "Etc/GMT-7"
  }, {
    "codeName" : "etc_gmt_SUB_8",
    "text" : "Etc/GMT-8",
    "value" : "Etc/GMT-8"
  }, {
    "codeName" : "etc_gmt_SUB_9",
    "text" : "Etc/GMT-9",
    "value" : "Etc/GMT-9"
  }, {
    "codeName" : "etc_gmt0",
    "text" : "Etc/GMT0",
    "value" : "Etc/GMT0"
  }, {
    "codeName" : "etc_greenwich",
    "text" : "Etc/Greenwich",
    "value" : "Etc/Greenwich"
  }, {
    "codeName" : "etc_uct",
    "text" : "Etc/UCT",
    "value" : "Etc/UCT"
  }, {
    "codeName" : "etc_utc",
    "text" : "Etc/UTC",
    "value" : "Etc/UTC"
  }, {
    "codeName" : "etc_universal",
    "text" : "Etc/Universal",
    "value" : "Etc/Universal"
  }, {
    "codeName" : "etc_zulu",
    "text" : "Etc/Zulu",
    "value" : "Etc/Zulu"
  } ],
  "enableCache" : true
}